name,link
"Xuchang Jian'an Area Usexy Trading Co., Ltd.",https://zorssarhair.en.alibaba.com/factory.html?wx_navbar_transparent=true&productId=1601088167318
"Yiwu Heer Clothing Co., Ltd.",https://heer.en.alibaba.com/factory.html?wx_navbar_transparent=true&productId=1600477390203
"Henan Moon Hair Products Co., Ltd.",https://moomhair.en.alibaba.com/factory.html?wx_navbar_transparent=true&productId=62447206321
"Henan Banghong Industry And Trade Co., Ltd.",https://banghonghair.en.alibaba.com/factory.html?wx_navbar_transparent=true&productId=1601117484062
Everich Commerce Group Limited,https://everich6.en.alibaba.com/factory.html?wx_navbar_transparent=true&productId=1601155606343
"Yiwu Biusee Import & Export Co., Ltd.",https://biusee.en.alibaba.com/factory.html?wx_navbar_transparent=true&productId=1600317288014
"Guangzhou Fenqi Leather Co., Ltd.",https://fenqibag.en.alibaba.com/factory.html?wx_navbar_transparent=true&productId=1600471352187
"Dongguan Topway Clothing Co., Ltd.",https://topuwei.en.alibaba.com/factory.html?wx_navbar_transparent=true&productId=1601209289807
"Xuchang Alice Hair Products Co., Ltd.",https://zlikehair.en.alibaba.com/factory.html?wx_navbar_transparent=true&productId=1600843284251
"Henan Ruimei Hair Products Co., Ltd.",https://kemyhair.en.alibaba.com/factory.html?wx_navbar_transparent=true&productId=1600868505195
"Jiangxi Kangqi Industrial Co., Ltd.",https://sableskq.en.alibaba.com/factory.html?wx_navbar_transparent=true&productId=1601156439165
"Weishi County Jiulong Rubber & Plastic Co., Ltd.",https://wsjiulong.en.alibaba.com/factory.html?wx_navbar_transparent=true&productId=1601229244169
"Hefei Konlon Bearing Co., Ltd.",https://konlonbearing.en.alibaba.com/factory.html?wx_navbar_transparent=true&productId=60809899442
"Shandong Dena Bearing Co., Ltd.",https://denabearing.en.alibaba.com/factory.html?wx_navbar_transparent=true&productId=1600851246251
"Jinan Chuanghui International Trade Co., Ltd.",https://jnchgjmy.en.alibaba.com/factory.html?wx_navbar_transparent=true&productId=1600447033841
"Shanghai Shangjia Zhikong Hydraulic Co., Ltd.",https://kydac.en.alibaba.com/factory.html?wx_navbar_transparent=true&productId=1601089396172
"Wuxi East Ai Machinery Technology Co., Ltd.",https://eastaimachinery.en.alibaba.com/factory.html?wx_navbar_transparent=true&productId=1601015603267
"Victory Machinery Technology Co., Ltd.",https://czvictory666.en.alibaba.com/factory.html?wx_navbar_transparent=true&productId=1600966596471
"Shenzhen Zhongda Motor Co., Ltd.",https://zdmotor8.en.alibaba.com/factory.html?wx_navbar_transparent=true&productId=1600732197762
JINAN LBR BEARING CO LTD,https://ylbearing.en.alibaba.com/factory.html?wx_navbar_transparent=true&productId=1600361227746
