Name,URL,Location,Score,Reviews,Main Categories,Average Response Time,On time Delivery Rate,Total Orders so far,Total Order Amount,Services,Quality Control,Certificates,Floor Space,Annual Export Revenue (USD),Production Lines,Total Annual Output (Units),Production Machines,Quality Control on All Lines,QA/QC Inspectors,Main Markets,Main Client Types,Customization Options,New Products Launched Last Year,R&D Engineers
"Xuchang Jian'an Area Usexy Trading Co., Ltd.",https://zorssarhair.en.alibaba.com/factory.html?wx_navbar_transparent=true&productId=1601088167318,"Henan, China ",4.8,429,,≤2h,0.99,1363,510000,"Minor customization, Design-based customization, Sample-based customization, Full customization","Raw-material traceability identification, Finished product inspection, QA/QC inspectors, Testing instruments, On-site material inspection, Quality traceability, Warranty available",RoHS,1370,-1,5,-1,37,No,5,"North America(70%), Western Europe(14%), Eastern Europe(5%)","Retailer, Engineer, Wholesaler, Brand business, For private use, Manufacturer","no, sample processing, graphic processing, customized on demand",-1,1
"Yiwu Heer Clothing Co., Ltd.",https://heer.en.alibaba.com/factory.html?wx_navbar_transparent=true&productId=1600477390203,"Zhejiang, China ",4.9,195,,≤2h,0.997,-1,-1,"Agile supply chain, Minor customization, Design-based customization, Sample-based customization, Full customization","Raw-material traceability identification, Finished product inspection, QA/QC inspectors, Testing instruments, On-site material inspection, Quality traceability","CE, RoHS",1156,-1,2,-1,-1,Yes,4,"North America(35%), Western Europe(13%), Southeast Asia(12%)",-1,"sample processing, graphic processing, customized on demand, sample processing, graphic processing, customized on demand",850,2
"Henan Moon Hair Products Co., Ltd.",https://moomhair.en.alibaba.com/factory.html?wx_navbar_transparent=true&productId=62447206321,"Henan, China ",4.6,261,,≤2h,0.992,1253,380000,"Minor customization, Design-based customization, Sample-based customization, Full customization","Raw-material traceability identification, Finished product inspection, QA/QC inspectors, Testing instruments, On-site material inspection, Quality traceability",-1,789,3321346,-1,-1,-1,Yes,5,"North America(85%), Africa(9%), Western Europe(6%)","Retailer, Engineer, Wholesaler, Brand business, For private use, Manufacturer","sample processing, graphic processing, customized on demand, sample processing, graphic processing, customized on demand",35,4
"Henan Banghong Industry And Trade Co., Ltd.",https://banghonghair.en.alibaba.com/factory.html?wx_navbar_transparent=true&productId=1601117484062,"Henan, China ",4.5,51,,≤2h,0.983,-1,-1,"Minor customization, Design-based customization, Sample-based customization, Full customization","Raw-material traceability identification, Finished product inspection, QA/QC inspectors, Testing instruments, On-site material inspection, Quality traceability",-1,21731,25506043,-1,-1,-1,Yes,3,"North America(81%), Western Europe(11%), Africa(8%)","Retailer, Engineer, Wholesaler, Brand business, For private use, Manufacturer","sample processing, graphic processing, customized on demand, sample processing, graphic processing, customized on demand",13,3
Everich Commerce Group Limited,https://everich6.en.alibaba.com/factory.html?wx_navbar_transparent=true&productId=1601155606343,"Zhejiang, China ",4.9,15,,≤4h,0.889,-1,-1,"Minor customization, Design-based customization, Sample-based customization, Full customization, Centralized procurement available","Raw-material traceability identification, Finished product inspection, QA/QC inspectors, Testing instruments, On-site material inspection, Quality traceability","GS, CB, CCC, SAA, ETL",66394,114811088,-1,-1,-1,Yes,58,"North America(55%), Southern Europe(9%), Eastern Europe(7%)","Retailer, Engineer, Wholesaler, Brand business, For private use, Manufacturer","sample processing, light customization, graphic processing, customized on demand, light customization, sample processing, graphic processing, customized on demand",500,32
"Yiwu Biusee Import & Export Co., Ltd.",https://biusee.en.alibaba.com/factory.html?wx_navbar_transparent=true&productId=1600317288014,"Zhejiang, China ",4.8,343,,≤2h,1.0,-1,-1,"Agile supply chain, Minor customization, Design-based customization, Sample-based customization, Full customization","Raw-material traceability identification, Finished product inspection, QA/QC inspectors, Testing instruments, On-site material inspection, Quality traceability","CE, RoHS",1450,-1,-1,-1,-1,Yes,2,"North America(35%), Western Europe(13%), Southeast Asia(12%)","Retailer, Engineer, Wholesaler, For private use, Brand business, Manufacturer","light customization, sample processing, graphic processing, customized on demand, sample processing, graphic processing, customized on demand",850,1
"Guangzhou Fenqi Leather Co., Ltd.",https://fenqibag.en.alibaba.com/factory.html?wx_navbar_transparent=true&productId=1600471352187,"Guangdong, China ",4.7,1326,,≤2h,0.997,-1,-1,"Agile supply chain, Minor customization, Design-based customization, Sample-based customization, Full customization, Centralized procurement available","Raw-material traceability identification, Finished product inspection, QA/QC inspectors, On-site material inspection, Quality traceability, Warranty available",-1,2100,-1,-1,-1,26,Yes,5,"North America(54%), Western Europe(15%), Mid East(5%)","Retailer, Wholesaler, Brand business, For private use, Manufacturer","light customization, sample processing, graphic processing, customized on demand",100,2
"Dongguan Topway Clothing Co., Ltd.",https://topuwei.en.alibaba.com/factory.html?wx_navbar_transparent=true&productId=1601209289807,"Guangdong, China ",5.0,16,,≤2h,0.968,-1,-1,"Minor customization, Design-based customization, Sample-based customization","Raw-material traceability identification, Finished product inspection, QA/QC inspectors, On-site material inspection, Quality traceability",-1,200,-1,1,-1,7,Yes,1,"North America(30%), Eastern Europe(15%), Western Europe(15%)","Retailer, Wholesaler, Brand business, For private use","graphic processing, sample processing, graphic processing, sample processing",60,0
"Xuchang Alice Hair Products Co., Ltd.",https://zlikehair.en.alibaba.com/factory.html?wx_navbar_transparent=true&productId=1600843284251,"Henan, China ",4.8,205,,≤2h,1.0,457,520000,"Minor customization, Design-based customization, Sample-based customization, Full customization","Raw-material traceability identification, Finished product inspection, QA/QC inspectors, On-site material inspection, Quality traceability",-1,3000,-1,2,900000,71,Yes,2,"North America(47%), Africa(12%), Eastern Asia(10%)","Retailer, Wholesaler, Brand business, For private use","sample processing, graphic processing, customized on demand",90,2
"Henan Ruimei Hair Products Co., Ltd.",https://kemyhair.en.alibaba.com/factory.html?wx_navbar_transparent=true&productId=1600868505195,"Henan, China ",4.6,167,,≤10h,1.0,906,250000,"Agile supply chain, Design-based customization, Sample-based customization, Full customization","Raw-material traceability identification, Finished product inspection, QA/QC inspectors, Testing instruments, On-site material inspection, Quality traceability",-1,117300,-1,-1,-1,-1,Yes,20,"North America(40%), Western Europe(25%), Africa(20%)","Retailer, Wholesaler, Brand business","sample processing, graphic processing, customized on demand",100,30
"Jiangxi Kangqi Industrial Co., Ltd.",https://sableskq.en.alibaba.com/factory.html?wx_navbar_transparent=true&productId=1601156439165,"Jiangxi, China ",5.0,2,,≤2h,1.0,-1,-1,"Minor customization, Design-based customization, Sample-based customization, Full customization","Raw-material traceability identification, QA/QC inspectors, Testing instruments, On-site material inspection, Quality traceability",ISO 9001,20638,-1,20,-1,32,Yes,6,"Southeast Asia(30%), Western Europe(20%), Mid East(20%)","Retailer, Wholesaler, Brand business, For private use, Manufacturer","sample processing, graphic processing, customized on demand",100,10
"Weishi County Jiulong Rubber & Plastic Co., Ltd.",https://wsjiulong.en.alibaba.com/factory.html?wx_navbar_transparent=true&productId=1601229244169,"Henan, China ",-1,-1,,≤4h,1.0,-1,-1,"Minor customization, Design-based customization, Sample-based customization, Full customization","Raw-material traceability identification, Finished product inspection, QA/QC inspectors, Testing instruments, On-site material inspection, Quality traceability","ISO14001, ISO 9001, ISO45001",-1,-1,-1,-1,-1,-1,-1,-1,-1,-1,-1,-1
"Hefei Konlon Bearing Co., Ltd.",https://konlonbearing.en.alibaba.com/factory.html?wx_navbar_transparent=true&productId=60809899442,"Anhui, China ",4.7,28,,≤3h,0.978,262,400000,"Minor customization, Design-based customization, Sample-based customization, Full customization","Raw-material traceability identification, QA/QC inspectors, Testing instruments, On-site material inspection, Quality traceability",ISO 9001,-1,-1,-1,-1,-1,-1,-1,-1,-1,-1,-1,-1
"Shandong Dena Bearing Co., Ltd.",https://denabearing.en.alibaba.com/factory.html?wx_navbar_transparent=true&productId=1600851246251,"Shandong, China ",4.9,110,,≤1h,1.0,202,290000,"Minor customization, Design-based customization, Sample-based customization, Full customization","Raw-material traceability identification, Finished product inspection, QA/QC inspectors, Testing instruments, On-site material inspection, Quality traceability",-1,2500,-1,10,2213000,51,Yes,8,"North America(30%), South America(30%), Africa(30%)","Retailer, Engineer, Wholesaler, Brand business, For private use, Manufacturer","light customization, sample processing, graphic processing, customized on demand",-1,2
"Jinan Chuanghui International Trade Co., Ltd.",https://jnchgjmy.en.alibaba.com/factory.html?wx_navbar_transparent=true&productId=1600447033841,"Shandong, China ",4.5,14,,≤2h,0.971,74,80000,"Minor customization, Design-based customization, Sample-based customization, Full customization","Raw-material traceability identification, QA/QC inspectors, Testing instruments, On-site material inspection, Quality traceability",2006/42/EC,6060,-1,4,-1,156,Yes,6,"North America(10%), South America(10%), Eastern Europe(10%)","Retailer, Engineer, Wholesaler, Brand business, For private use, Manufacturer","no, sample processing, graphic processing, customized on demand, light customization",20,2
"Shanghai Shangjia Zhikong Hydraulic Co., Ltd.",https://kydac.en.alibaba.com/factory.html?wx_navbar_transparent=true&productId=1601089396172,"Shanghai, China ",4.6,2,,≤3h,1.0,-1,-1,"Minor customization, Design-based customization, Sample-based customization, Full customization","Raw-material traceability identification, Finished product inspection, QA/QC inspectors, Testing instruments, On-site material inspection, Quality traceability, Warranty available",-1,14040,-1,3,-1,-1,Yes,2,Domestic Market(100%),"Retailer, Wholesaler, Brand business, For private use, Manufacturer","sample processing, graphic processing, customized on demand",-1,1
"Wuxi East Ai Machinery Technology Co., Ltd.",https://eastaimachinery.en.alibaba.com/factory.html?wx_navbar_transparent=true&productId=1601015603267,"Jiangsu, China ",5.0,4,,≤2h,1.0,-1,-1,"Design-based customization, Sample-based customization, Full customization","Raw-material traceability identification, Finished product inspection, QA/QC inspectors, Testing instruments, On-site material inspection, Quality traceability",-1,1800,-1,1,-1,11,Yes,1,"Mid East(39%), Eastern Europe(30%), Southeast Asia(20%)","Retailer, Engineer, Wholesaler, Brand business, For private use, Manufacturer","sample processing, graphic processing, customized on demand, sample processing, graphic processing, customized on demand",65,5
"Victory Machinery Technology Co., Ltd.",https://czvictory666.en.alibaba.com/factory.html?wx_navbar_transparent=true&productId=1600966596471,"Jiangsu, China ",4.9,15,,≤1h,1.0,-1,-1,"Minor customization, Design-based customization, Sample-based customization, Full customization, On-site technical support","Raw-material traceability identification, Finished product inspection, QA/QC inspectors, Testing instruments, On-site material inspection, Quality traceability, Warranty available",CE,8899,-1,6,-1,42,Yes,4,"Eastern Europe(20%), Domestic Market(20%), North America(15%)","Retailer, Engineer, Wholesaler, Brand business, For private use, Manufacturer","no, sample processing, graphic processing, customized on demand",10,4
"Shenzhen Zhongda Motor Co., Ltd.",https://zdmotor8.en.alibaba.com/factory.html?wx_navbar_transparent=true&productId=1600732197762,"Guangdong, China ",4.6,14,,≤5h,0.971,57,10000,"Minor customization, Design-based customization, Sample-based customization, Full customization","Raw-material traceability identification, Finished product inspection, QA/QC inspectors, Testing instruments, On-site material inspection, Quality traceability, Warranty available","ISO 9001, CE",1500,-1,6,-1,50,Yes,3,-1,"Retailer, Engineer, Wholesaler, Brand business, For private use, Manufacturer","light customization, sample processing, graphic processing, customized on demand",15,4
JINAN LBR BEARING CO LTD,https://ylbearing.en.alibaba.com/factory.html?wx_navbar_transparent=true&productId=1600361227746,"Shandong, China ",4.8,25,,≤3h,0.9490000000000001,274,420000,"Minor customization, Design-based customization, Sample-based customization, Full customization","Raw-material traceability identification, Finished product inspection, QA/QC inspectors, Testing instruments, On-site material inspection, Quality traceability","ISO 9001, CE, RoHS",3128,-1,-1,-1,-1,Yes,2,"North America(30%), South America(20%), Southeast Asia(20%)","Retailer, Wholesaler, Brand business, For private use, Manufacturer","no, light customization, sample processing, graphic processing, customized on demand",12,1
"Hangzhou Ocean Industry Co., Ltd.",https://hzoic.en.alibaba.com/factory.html?wx_navbar_transparent=true&productId=1601197000146,"Zhejiang, China ",5.0,32,,≤2h,1.0,67,690000,"Minor customization, Design-based customization, Sample-based customization, Full customization","Raw-material traceability identification, Finished product inspection, QA/QC inspectors, Testing instruments, On-site material inspection, Quality traceability, Warranty available",CE,1847,4832626,-1,-1,-1,Yes,2,"Western Europe(50%), North America(17%), Eastern Europe(6%)","Retailer, Engineer, Wholesaler, Brand business, For private use, Manufacturer","sample processing, graphic processing, sample processing, graphic processing, customized on demand",-1,3
"Jiashan Pvb Sliding Bearing Co., Ltd.",https://oilesbearing.en.alibaba.com/factory.html?wx_navbar_transparent=true&productId=1600608998346,"Zhejiang, China ",5.0,8,,≤5h,1.0,49,60000,"Minor customization, Design-based customization, Sample-based customization, Full customization","Raw-material traceability identification, QA/QC inspectors, Testing instruments, On-site material inspection, Quality traceability",-1,3345,6209776,-1,144000000,-1,Yes,2,"Western Europe(35%), Northern Europe(15%), Eastern Europe(13%)","Engineer, Wholesaler, Brand business, Manufacturer","light customization, customized on demand, sample processing, graphic processing",21,2
"Wuxi Jdr Automation Equipment Co., Ltd.",https://wxfeiya.en.alibaba.com/factory.html?wx_navbar_transparent=true&productId=1600322337210,"Jiangsu, China ",4.8,22,,≤3h,1.0,163,100000,"Minor customization, Design-based customization, Sample-based customization, Full customization","Raw-material traceability identification, Finished product inspection, QA/QC inspectors, Testing instruments, On-site material inspection, Quality traceability, Warranty available","ISO 9001, CE, UL",7053,-1,3,-1,-1,Yes,13,"Domestic Market(66%), North America(8%), Eastern Asia(8%)","Retailer, Wholesaler, Brand business, Manufacturer","sample processing, graphic processing, customized on demand",11,7
"Ningbo Duohui Bearing Co., Ltd.",https://duohui888.en.alibaba.com/factory.html?wx_navbar_transparent=true&productId=1600752466121,"Zhejiang, China ",5.0,11,,≤2h,0.852,60,60000,"Minor customization, Design-based customization, Sample-based customization, Full customization","Finished product inspection, QA/QC inspectors, Testing instruments, On-site material inspection",-1,-1,-1,-1,-1,-1,-1,-1,-1,-1,-1,-1,-1
"Zhoushan Aosheng Auto Parts Co., Ltd.",https://zj-aosheng.en.alibaba.com/factory.html?wx_navbar_transparent=true&productId=546955737,"Zhejiang, China ",5.0,4,,≤5h,0.833,13,20000,"Minor customization, Design-based customization, Sample-based customization, Full customization","Raw-material traceability identification, Finished product inspection, QA/QC inspectors, Testing instruments, On-site material inspection, Quality traceability",-1,30000,2700000,20,10000000,118,Yes,10,"South America(30%), Mid East(30%), Southeast Asia(20%)","Wholesaler, Manufacturer","light customization, customized on demand, sample processing, graphic processing",24,10
"Guangdong Haozheng Hydraulic Equipment Co., Ltd.",https://haozhengyeya.en.alibaba.com/factory.html?wx_navbar_transparent=true&productId=1600673485187,"Guangdong, China ",5.0,16,,≤2h,0.85,-1,-1,"Minor customization, Design-based customization, Sample-based customization, Full customization, On-site technical support","Raw-material traceability identification, Finished product inspection, QA/QC inspectors, Testing instruments, On-site material inspection, Quality traceability",-1,5000,-1,2,16000,25,Yes,2,"Domestic Market(60%), Eastern Europe(8%), North America(6%)","Retailer, Engineer, Wholesaler, Brand business, For private use, Manufacturer","light customization, sample processing, graphic processing, customized on demand",50,1
"Luzhou Synthetic Hydraulic Parts Co., Ltd.",https://lzhecheng.en.alibaba.com/factory.html?wx_navbar_transparent=true&productId=1601060612175,"Sichuan, China ",-1,-1,,≤1h,1.0,-1,-1,"Minor customization, Design-based customization, Sample-based customization, Full customization","Raw-material traceability identification, Finished product inspection, QA/QC inspectors, Testing instruments, On-site material inspection, Quality traceability, Warranty available",ISO 9001,15805,-1,4,-1,100,Yes,12,"Domestic Market(70%), Eastern Europe(30%)","Wholesaler, Brand business, Manufacturer","light customization, sample processing, graphic processing, customized on demand",10,6
"Zhejiang Sihai New Material Co., Ltd.",https://sihairubberbelt.en.alibaba.com/factory.html?wx_navbar_transparent=true&productId=1600979827617,"Zhejiang, China ",4.8,6,,≤4h,0.875,-1,-1,"Minor customization, Design-based customization, Sample-based customization, Full customization","Raw-material traceability identification, Finished product inspection, QA/QC inspectors, Testing instruments, On-site material inspection, Quality traceability",ISO14001,20000,6212603,25,-1,150,Yes,3,"Domestic Market(40%), Southeast Asia(30%), Mid East(25%)","Retailer, Engineer, Wholesaler, For private use, Brand business, Manufacturer","sample processing, graphic processing, customized on demand",10,3
"Guangzhou Goodly Industry Belt Co., Ltd.",https://goodlybelt.en.alibaba.com/factory.html?wx_navbar_transparent=true&productId=1601116647215,"Guangdong, China ",4.9,54,,≤2h,0.992,241,150000,"Minor customization, Design-based customization, Sample-based customization, Full customization, On-site technical support","Raw-material traceability identification, Finished product inspection, QA/QC inspectors, Testing instruments, On-site material inspection, Quality traceability, Warranty available",RoHS,-1,-1,-1,-1,-1,-1,-1,-1,-1,-1,-1,-1
"Ningbo ZT Bull Hydraulic Co., Ltd.",https://bullhydraulic.en.alibaba.com/factory.html?wx_navbar_transparent=true&productId=1600862982583,"Zhejiang, China ",4.9,14,,≤3h,0.972,104,490000,"Minor customization, Design-based customization, Sample-based customization, Full customization","Raw-material traceability identification, QA/QC inspectors, Testing instruments, On-site material inspection, Quality traceability, Warranty available",-1,10832,-1,5,-1,90,Yes,4,"South America(20%), Domestic Market(20%), Mid East(15%)","Retailer, Engineer, Wholesaler, Brand business, For private use, Manufacturer","sample processing, graphic processing, customized on demand",11,5
"Taizhou Hengchang Hydraulic Co., Ltd.",https://etlhyd.en.alibaba.com/factory.html?wx_navbar_transparent=true&productId=1600344841782,"Zhejiang, China ",5.0,10,,≤3h,1.0,-1,-1,"Minor customization, Design-based customization, Sample-based customization, Full customization","Raw-material traceability identification, Finished product inspection, QA/QC inspectors, Testing instruments, On-site material inspection, Quality traceability",-1,500,-1,-1,-1,-1,Yes,1,"Eastern Europe(18%), Southeast Asia(15%), South America(13%)","Retailer, Engineer, Wholesaler, Brand business, For private use, Manufacturer","sample processing, graphic processing, customized on demand, sample processing, graphic processing, customized on demand",-1,1
"Jiangsu Hydstar Hydraulic Technology Co., Ltd.",https://hydstarpump.en.alibaba.com/factory.html?wx_navbar_transparent=true&productId=1600080224225,"Jiangsu, China ",4.6,26,,≤4h,0.94,147,240000,"Minor customization, Design-based customization, Sample-based customization, Full customization","Raw-material traceability identification, Finished product inspection, QA/QC inspectors, Testing instruments, On-site material inspection, Quality traceability",ISO 9001,11510,-1,3,92000,47,Yes,3,"North America(42%), South America(16%), Domestic Market(14%)","Retailer, Engineer, Wholesaler, Brand business, For private use, Manufacturer","sample processing, light customization, customized on demand, graphic processing",69,5
"Sanmen Taili Motor Co., Ltd.",https://motortl.en.alibaba.com/factory.html?wx_navbar_transparent=true&productId=1600132374660,"Zhejiang, China ",4.8,6,,≤6h,0.5710000000000001,-1,-1,"Minor customization, Design-based customization, Sample-based customization, Full customization","Raw-material traceability identification, Finished product inspection, QA/QC inspectors, Testing instruments, On-site material inspection, Quality traceability, Warranty available",CE,55389,1720280,-1,-1,-1,Yes,10,"Domestic Market(95%), South America(1%), Eastern Europe(1%)","Retailer, Engineer, Wholesaler, Brand business, For private use, Manufacturer","sample processing, graphic processing, customized on demand",-1,20
"Shandong Tianxin Bearing Co., Ltd.",https://nxabearing.en.alibaba.com/factory.html?wx_navbar_transparent=true&productId=1601062851544,"Shandong, China ",5.0,10,,≤5h,1.0,-1,-1,"Minor customization, Design-based customization, Sample-based customization, Full customization","Raw-material traceability identification, Finished product inspection, QA/QC inspectors, Testing instruments, On-site material inspection, Quality traceability",-1,2816,-1,3,-1,42,Yes,5,"Eastern Europe(30%), Southeast Asia(20%), Mid East(20%)","Retailer, Engineer, Wholesaler, Brand business, For private use, Manufacturer","light customization, sample processing, graphic processing, customized on demand, light customization, customized on demand, graphic processing, sample processing",27,3
"Ruiou International Trade (shandong) Co., Ltd.",https://korobearing.en.alibaba.com/factory.html?wx_navbar_transparent=true&productId=1601166276605,"Shandong, China ",4.7,23,,≤1h,0.96,-1,-1,"Minor customization, Design-based customization, Sample-based customization, Full customization","Raw-material traceability identification, Finished product inspection, QA/QC inspectors, Testing instruments, On-site material inspection, Quality traceability, Warranty available",-1,2055,-1,2,-1,11,Yes,3,"North America(15%), Southeast Asia(15%), Mid East(14%)","Retailer, Engineer, Wholesaler, Brand business, For private use, Manufacturer","sample processing, graphic processing, customized on demand, sample processing, customized on demand, graphic processing",3,3
"Xingtai Tuoyuan Machinery Parts Co., Ltd.",https://hengfabearing.en.alibaba.com/factory.html?wx_navbar_transparent=true&productId=1600738783675,"Hebei, China ",4.9,48,,≤2h,0.99,175,390000,"Design-based customization, Sample-based customization, Full customization","Raw-material traceability identification, Finished product inspection, QA/QC inspectors, Testing instruments, On-site material inspection, Quality traceability, Warranty available","ISO14001, ISO 9001, ISO45001",12114,1020000,2,-1,35,Yes,2,"Domestic Market(55%), Southeast Asia(22%), South America(15%)","Engineer, Wholesaler, Brand business, For private use, Manufacturer","sample processing, graphic processing, customized on demand",100,1
"Shenyang New Densen Casting And Forging Co., Ltd.",https://ndensen.en.alibaba.com/factory.html?wx_navbar_transparent=true&productId=1601076467417,"Liaoning, China ",4.9,6,,≤2h,1.0,8,1200000,"Minor customization, Design-based customization, Sample-based customization","Raw-material traceability identification, Finished product inspection, QA/QC inspectors, Testing instruments, On-site material inspection, Quality traceability, Warranty available",-1,-1,-1,-1,-1,-1,-1,-1,-1,-1,-1,-1,-1
"Tianjin Semri Bearing Technology Co., Ltd.",https://semribearing.en.alibaba.com/factory.html?wx_navbar_transparent=true&productId=62442446698,"Tianjin, China ",4.9,27,,≤2h,0.976,95,170000,"Minor customization, Design-based customization, Sample-based customization, Full customization","Raw-material traceability identification, QA/QC inspectors, On-site material inspection, Quality traceability, Warranty available","ISO 9001, CE",750,5200000,-1,-1,-1,Yes,5,"North America(40%), South America(20%), Southeast Asia(10%)",-1,"graphic processing, customized on demand, sample processing",75,1
"Jinan Akira Trading Co., Ltd.",https://jnakira.en.alibaba.com/factory.html?wx_navbar_transparent=true&productId=1601205488151,"Shandong, China ",5.0,2,,≤3h,1.0,6,310000,"Minor customization, Design-based customization, Sample-based customization, Full customization, On-site technical support","Raw-material traceability identification, Finished product inspection, QA/QC inspectors, Testing instruments, On-site material inspection, Quality traceability",ISO 9001,5711,4541731,12,1190000,47,Yes,2,"Eastern Asia(72%), Southeast Asia(28%)","Retailer, Engineer, Wholesaler, Brand business, For private use, Manufacturer","sample processing, graphic processing, customized on demand, graphic processing",42,2
"Guangdong Xinda Motor Co., Ltd.",https://xindadj.en.alibaba.com/factory.html?wx_navbar_transparent=true&productId=1600493125082,"Guangdong, China ",4.7,18,,≤2h,0.9740000000000001,-1,-1,"Minor customization, Design-based customization, Sample-based customization, Full customization","Raw-material traceability identification, Finished product inspection, QA/QC inspectors, Testing instruments, On-site material inspection, Quality traceability",CE,4500,-1,3,-1,39,Yes,4,"Southeast Asia(40%), Western Europe(12%), North America(10%)","Retailer, Wholesaler, Brand business, Manufacturer","sample processing, graphic processing, customized on demand",20,3
"Ningbo Dexin Motor Co., Ltd.",https://nbmetaltec.en.alibaba.com/factory.html?wx_navbar_transparent=true&productId=1601208098438,"Zhejiang, China ",5.0,1,,≤7h,1.0,-1,-1,"Minor customization, Design-based customization, Sample-based customization, Full customization","Raw-material traceability identification, Finished product inspection, QA/QC inspectors, Testing instruments, On-site material inspection, Quality traceability, Warranty available","ISO 9001, RoHS",2500,-1,5,-1,40,Yes,3,"Southeast Asia(42%), Mid East(21%), North America(10%)","Retailer, Engineer, Wholesaler, Brand business, For private use, Manufacturer","sample processing, graphic processing, customized on demand, sample processing, graphic processing, customized on demand",6,6
"Ningbo Yade Fluid Connector Co., ltd.",https://yadefluid.en.alibaba.com/factory.html?wx_navbar_transparent=true&productId=1600964833796,"Zhejiang, China ",4.3,12,,≤4h,0.887,79,40000,"Minor customization, Design-based customization, Sample-based customization, Full customization","Finished product inspection, QA/QC inspectors, Testing instruments",-1,4000,-1,5,14000000,45,Yes,2,"South America(25%), North America(15%), Domestic Market(10%)","Retailer, Wholesaler, Manufacturer","light customization, sample processing, graphic processing, customized on demand, light customization",85,2
"Fujian Zhenyuan Hydraulic Equipment Co., Ltd.",https://cnzhenyuan.en.alibaba.com/factory.html?wx_navbar_transparent=true&productId=1600318549305,"Fujian, China ",4.6,27,,≤1h,0.9179999999999999,-1,-1,"Minor customization, Design-based customization, Sample-based customization, Full customization","Raw-material traceability identification, Finished product inspection, QA/QC inspectors, Testing instruments, On-site material inspection, Quality traceability",EN ISO 12100,256,-1,1,740,9,Yes,2,"Domestic Market(50%), Eastern Europe(20%), North America(10%)","Retailer, Engineer, Wholesaler, Manufacturer","customized on demand, sample processing, graphic processing",100,2
"Shanghai Ruan Long Industrial Automation Appliance Co., Ltd.",https://yolon.en.alibaba.com/factory.html?wx_navbar_transparent=true&productId=1600811019731,"Shanghai, China ",4.2,20,,≤3h,1.0,148,100000,"Minor customization, Design-based customization, Sample-based customization, Full customization","Raw-material traceability identification, Finished product inspection, QA/QC inspectors, Testing instruments, On-site material inspection, Quality traceability, Warranty available","ISO 9001, CE",2692,-1,3,-1,31,Yes,1,"North America(30%), Domestic Market(16%), Mid East(13%)","Retailer, Engineer, Wholesaler, Brand business, For private use, Manufacturer","sample processing, graphic processing, customized on demand, sample processing, graphic processing, customized on demand",10,2
"Hui Zhou Star China Motor Co., Ltd.",https://starchinamotor.en.alibaba.com/factory.html?wx_navbar_transparent=true&productId=1601044530078,"Guangdong, China ",4.9,6,,≤1h,1.0,-1,-1,"Design-based customization, Sample-based customization, Full customization, On-site technical support","Raw-material traceability identification, Finished product inspection, QA/QC inspectors, Testing instruments, On-site material inspection, Quality traceability","IATF 16949, ISO 9001, ISO14001",4600,1541462,20,-1,94,Yes,19,"Domestic Market(60%), South America(10%), Eastern Europe(10%)","Retailer, Engineer, Wholesaler, Brand business, For private use, Manufacturer","sample processing, graphic processing, customized on demand",60,5
"Dongguan Blince Machinery & Electronics Co., Ltd.",https://blince.en.alibaba.com/factory.html?wx_navbar_transparent=true&productId=1784283775,"Guangdong, China ",4.9,43,,≤2h,0.938,167,330000,"Minor customization, Design-based customization, Sample-based customization, Full customization","Raw-material traceability identification, Finished product inspection, QA/QC inspectors, Testing instruments, On-site material inspection, Quality traceability","ISO 9001, CE",3000,1520000,3,-1,35,Yes,2,"Southeast Asia(30%), Western Europe(18%), North America(15%)","Retailer, Engineer, Wholesaler, Brand business, For private use, Manufacturer","sample processing, graphic processing, customized on demand, sample processing, graphic processing, customized on demand",100,2
"Changsha Kaienli Hydraulic Technology Co., Ltd.",https://kaienli.en.alibaba.com/factory.html?wx_navbar_transparent=true&productId=1600728496055,"Hunan, China ",-1,-1,,≤5h,1.0,-1,-1,"Minor customization, Design-based customization, Sample-based customization, Full customization","Raw-material traceability identification, Finished product inspection, QA/QC inspectors, Testing instruments, On-site material inspection, Quality traceability, Warranty available","ISCC, CE",21527,-1,-1,-1,193,Yes,6,-1,"Retailer, Engineer, Wholesaler, Brand business, Manufacturer","sample processing, customized on demand, graphic processing, sample processing, graphic processing, customized on demand",-1,9
"Zhejiang Yueding Corrugated Tube Co., Ltd.",https://yueguan.en.alibaba.com/factory.html?wx_navbar_transparent=true&productId=1600658487201,"Zhejiang, China ",4.9,17,,≤2h,1.0,67,240000,"Agile supply chain, Minor customization, Design-based customization, Sample-based customization, Full customization, Centralized procurement available","Raw-material traceability identification, Finished product inspection, QA/QC inspectors, Testing instruments, On-site material inspection, Quality traceability, Warranty available","ISO14001, ISO 9001, ISO45001, IATF 16949, TUV mark, VDE",30000,-1,-1,-1,78,Yes,10,-1,-1,"light customization, sample processing, graphic processing, customized on demand",10,3
"Zhejiang Huachang Hydraulic Machinery Co., Ltd.",https://hchydraulics.en.alibaba.com/factory.html?wx_navbar_transparent=true&productId=1600878846922,"Zhejiang, China ",-1,-1,,≤3h,1.0,-1,-1,"Minor customization, Design-based customization, Sample-based customization, Full customization","Raw-material traceability identification, Finished product inspection, QA/QC inspectors, Testing instruments, On-site material inspection, Quality traceability, Warranty available",ISO14001,51088,-1,7,-1,46,Yes,40,"Domestic Market(95%), Western Europe(3%), North America(2%)","Retailer, Engineer, Wholesaler, Brand business, For private use, Manufacturer","sample processing, graphic processing, customized on demand",500,34
"Poocca Hydraulic (shenzhen) Co., Ltd.",https://poocca.en.alibaba.com/factory.html?wx_navbar_transparent=true&productId=11000000295769,"Guangdong, China ",4.6,32,,≤3h,1.0,-1,-1,"Minor customization, Design-based customization, Sample-based customization, Full customization","Raw-material traceability identification, Finished product inspection, QA/QC inspectors, Testing instruments, On-site material inspection, Quality traceability, Warranty available",CE,2500,-1,2,-1,10,Yes,2,"North America(20%), Southeast Asia(15%), Western Europe(12%)","Retailer, Engineer, Wholesaler, Brand business, For private use, Manufacturer","sample processing, graphic processing, customized on demand, sample processing, graphic processing, customized on demand",770,7
"Hefei Changxin Forklift Parts Co., Ltd.",https://hfga.en.alibaba.com/factory.html?wx_navbar_transparent=true&productId=1600105991333,"Anhui, China ",4.9,60,,≤3h,0.9259999999999999,183,240000,"Design-based customization, Sample-based customization, Full customization","Raw-material traceability identification, QA/QC inspectors, Testing instruments, On-site material inspection, Quality traceability, Warranty available",-1,3160,-1,1,-1,13,Yes,1,"Southeast Asia(20%), Eastern Europe(10%), Western Europe(10%)","Retailer, Wholesaler, Brand business, Manufacturer","sample processing, graphic processing, customized on demand, sample processing, graphic processing, customized on demand",55,4
"Shenzhen Xinchangsheng Bearing Co., Ltd.",https://xcs-bearing.en.alibaba.com/factory.html?wx_navbar_transparent=true&productId=62030781739,"Guangdong, China ",4.8,21,,≤3h,1.0,191,170000,"Minor customization, Design-based customization, Sample-based customization, Full customization, On-site technical support","Raw-material traceability identification, Finished product inspection, QA/QC inspectors, Testing instruments, On-site material inspection, Quality traceability","ISO 9001, CE, REACH, RoHS",2800,-1,2,31000000,26,Yes,3,"Domestic Market(30%), Eastern Europe(10%), Western Europe(10%)","Retailer, Wholesaler, Brand business, Manufacturer","sample processing, graphic processing, customized on demand, light customization",112,1
"Ningbo Fenghua Hongma Motor Co., Ltd.",https://electricalmotor.en.alibaba.com/factory.html?wx_navbar_transparent=true&productId=1601114704390,"Zhejiang, China ",-1,-1,,≤4h,1.0,-1,-1,"Minor customization, Design-based customization, Sample-based customization, Full customization","Raw-material traceability identification, Finished product inspection, QA/QC inspectors, Testing instruments, On-site material inspection, Quality traceability, Warranty available","EMC, CE, EAC, UKCA",14000,1600000,3,-1,112,Yes,5,"Domestic Market(58%), Southeast Asia(6%), Mid East(6%)","Retailer, Wholesaler, Brand business, For private use, Manufacturer","sample processing, graphic processing, customized on demand",51,3
"Guangzhou Hanpose 3d Technology Co., Ltd.",https://hanpose.en.alibaba.com/factory.html?wx_navbar_transparent=true&productId=62362075657,"Guangdong, China ",4.9,37,,≤1h,0.992,213,230000,"Minor customization, Design-based customization, Sample-based customization, Full customization","Raw-material traceability identification, Finished product inspection, QA/QC inspectors, Testing instruments, On-site material inspection, Quality traceability, Warranty available","CE, FCC, RoHS",930,-1,3,-1,20,Yes,4,"North America(20%), Eastern Europe(15%), South America(10%)","Retailer, Engineer, Wholesaler, Brand business, For private use, Manufacturer","light customization, sample processing, graphic processing, customized on demand, light customization, sample processing, graphic processing, customized on demand",-1,3
"Yancheng Jingdong Hydraulic Machine Co., Ltd.",https://jsjdyy.en.alibaba.com/factory.html?wx_navbar_transparent=true&productId=1600486517220,"Jiangsu, China ",4.9,18,,≤3h,0.946,100,100000,"Minor customization, Design-based customization, Sample-based customization, Full customization","Raw-material traceability identification, Finished product inspection, QA/QC inspectors, Testing instruments, On-site material inspection, Quality traceability",ISO 9001,5000,-1,1,-1,38,Yes,2,"Domestic Market(45%), North America(10%), Central America(10%)","Retailer, Engineer, Wholesaler, Brand business, Manufacturer","sample processing, graphic processing, customized on demand",-1,3
Shanghai Ryan Fluid Power Company Ltd.,https://ryftcn.en.alibaba.com/factory.html?wx_navbar_transparent=true&productId=1600235738882,"Shanghai, China ",5.0,7,,≤12h,0.9259999999999999,63,740000,"Minor customization, Design-based customization, Sample-based customization, Full customization","Raw-material traceability identification, Finished product inspection, QA/QC inspectors, Testing instruments, On-site material inspection, Quality traceability",CE,47117,-1,-1,-1,67,Yes,24,"Domestic Market(40%), North America(34%), South America(4%)","Retailer, Engineer, Wholesaler, Brand business, For private use, Manufacturer","customized on demand, sample processing, graphic processing",70,20
"Julu Binhao Transmission Equipment Co., Ltd.",https://jlbh.en.alibaba.com/factory.html?wx_navbar_transparent=true&productId=1601052129661,"Hebei, China ",5.0,6,,≤3h,1.0,-1,-1,"Minor customization, Design-based customization, Sample-based customization, Full customization","Raw-material traceability identification, QA/QC inspectors, Testing instruments, On-site material inspection, Quality traceability, Warranty available",ISO 9001,19554,-1,9,4000000,169,Yes,1,"Domestic Market(90%), Eastern Europe(5%), Southeast Asia(5%)","Retailer, Engineer, Wholesaler, Brand business, For private use, Manufacturer","sample processing, graphic processing, customized on demand",-1,5
"Hebei Longshengtengyu Pump Industry Co., Ltd.",https://xttractor.en.alibaba.com/factory.html?wx_navbar_transparent=true&productId=10000016403822,"Hebei, China ",5.0,1,,≤5h,0.5,4,600,"Design-based customization, Sample-based customization, Full customization","Raw-material traceability identification, Finished product inspection, QA/QC inspectors, Testing instruments, Quality traceability, Warranty available",-1,9507,1400000,6,-1,135,Yes,6,"Eastern Europe(60%), Mid East(20%), South America(5%)","Retailer, Engineer, Wholesaler, Manufacturer","sample processing, graphic processing, customized on demand",15,2
"Shandong Sair Mechanical Guide Co., Ltd.",https://sdsaier.en.alibaba.com/factory.html?wx_navbar_transparent=true&productId=1600740390609,"Shandong, China ",4.9,45,,≤4h,1.0,262,170000,"Minor customization, Design-based customization, Sample-based customization, Full customization, 3D design capabilities","Raw-material traceability identification, Finished product inspection, QA/QC inspectors, Testing instruments, On-site material inspection, Quality traceability, Warranty available",-1,22000,1455000,1,-1,50,Yes,4,"Domestic Market(35%), North America(18%), Eastern Europe(16%)","Brand business, For private use","sample processing, graphic processing, customized on demand, sample processing, graphic processing, customized on demand",12,12
"Jiangsu Fenghua Transmission Technology Co., Ltd.",https://fenghuareducer.en.alibaba.com/factory.html?wx_navbar_transparent=true&productId=1600112497352,"Jiangsu, China ",5.0,13,,≤3h,1.0,61,60000,"Minor customization, Design-based customization, Sample-based customization, Full customization","Raw-material traceability identification, Finished product inspection, Testing instruments, On-site material inspection, Quality traceability",CE,4120,-1,-1,-1,-1,Yes,-1,"Western Europe(12%), North America(10%), Eastern Europe(10%)","Retailer, Engineer, Wholesaler, Brand business, For private use, Manufacturer","sample processing, graphic processing, customized on demand, sample processing, graphic processing, customized on demand",-1,-1
"Shanghai Client Diesel Engine Co., Ltd.",https://scdcchina.en.alibaba.com/factory.html?wx_navbar_transparent=true&productId=1600108203693,"Shanghai, China ",4.9,19,,≤9h,1.0,68,1900000,"Minor customization, Design-based customization, Sample-based customization","Raw-material traceability identification, Finished product inspection, QA/QC inspectors, Quality traceability, Warranty available",-1,2428,9474627,1,-1,4,Yes,1,"Southeast Asia(30%), Africa(14%), Oceania(8%)","Engineer, Brand business, Manufacturer","light customization, sample processing, graphic processing",-1,1
"Shenzhen Shunli Motor Co., Ltd.",https://shunlimotor.en.alibaba.com/factory.html?wx_navbar_transparent=true&productId=1600804554422,"Guandong, China ",4.9,12,,≤5h,1.0,68,320000,"Minor customization, Design-based customization, Sample-based customization, Full customization","Raw-material traceability identification, QA/QC inspectors, Testing instruments, On-site material inspection, Quality traceability","ISO 9001, FCC, CE, UL",5130,-1,7,7050000,145,Yes,5,"Domestic Market(35%), South America(15%), North America(10%)","Retailer, Engineer, Brand business, For private use, Manufacturer","customized on demand, graphic processing, sample processing",15,6
"Jinhua Haoqiang Chain Co., Ltd.",https://haoqiangchain.en.alibaba.com/factory.html?wx_navbar_transparent=true&productId=1601215774210,"Zhejiang, China ",5.0,2,,≤3h,1.0,-1,-1,"Minor customization, Design-based customization, Sample-based customization, Full customization","Raw-material traceability identification, QA/QC inspectors, Testing instruments, On-site material inspection, Quality traceability",-1,3600,-1,-1,-1,-1,Yes,3,"Southeast Asia(75%), Africa(13%), Northern Europe(8%)","Retailer, Wholesaler, Brand business","sample processing, graphic processing, customized on demand",20,1
"Wuxi Lingming Electric Drive Technology Co., Ltd.",https://lmotor.en.alibaba.com/factory.html?wx_navbar_transparent=true&productId=1600785407460,"Jiangsu, China ",5.0,8,,≤2h,1.0,13,60000,"Minor customization, Design-based customization, Sample-based customization, Full customization","Raw-material traceability identification, Finished product inspection, QA/QC inspectors, Testing instruments, On-site material inspection, Quality traceability, Warranty available","CQC, CE",21600,-1,3,-1,58,Yes,6,"Southeast Asia(60%), South Asia(40%)","Retailer, Wholesaler, Brand business, For private use, Manufacturer","sample processing, graphic processing, customized on demand, light customization, sample processing, graphic processing, customized on demand",6,6
"Hangzhou Mige Electric Co., Ltd.",https://hzmgdj.en.alibaba.com/factory.html?wx_navbar_transparent=true&productId=1600199661424,"Zhejiang, China ",4.1,4,,≤3h,0.929,27,20000,"Minor customization, Design-based customization, Sample-based customization, Full customization","Raw-material traceability identification, Finished product inspection, QA/QC inspectors, Testing instruments, On-site material inspection, Quality traceability, Warranty available",CE,43667,1850948,-1,-1,-1,Yes,31,"Domestic Market(20%), Southeast Asia(15%), Western Europe(15%)","Retailer, Engineer, Wholesaler, Brand business, Manufacturer","light customization, sample processing, graphic processing, customized on demand",35,33
"Ningbo Helm Tower Noda Hydraulic Co., Ltd.",https://hydraulic-china.en.alibaba.com/factory.html?wx_navbar_transparent=true&productId=943930904,"Zhejiang, China ",4.8,7,,≤6h,0.9329999999999999,27,20000,"Minor customization, Design-based customization, Sample-based customization, Full customization","Raw-material traceability identification, QA/QC inspectors, Testing instruments, On-site material inspection, Quality traceability, Warranty available",ISO 9001,8942,-1,2,-1,57,Yes,12,"Eastern Europe(18%), North America(15%), Western Europe(12%)","Retailer, Engineer, Wholesaler, Brand business, For private use, Manufacturer","sample processing, graphic processing, customized on demand",12,18
"Qingzhou Boxin Huasheng Hydraulic Technology Co., Ltd.",https://boxinhuasheng.en.alibaba.com/factory.html?wx_navbar_transparent=true&productId=1600992140998,"Shandong, China ",4.9,4,,≤5h,1.0,-1,-1,"Design-based customization, Sample-based customization, Full customization, On-site technical support","Raw-material traceability identification, Finished product inspection, QA/QC inspectors, Testing instruments, On-site material inspection, Quality traceability",IATF 16949,51000,-1,16,-1,159,Yes,21,"Domestic Market(60%), Western Europe(11%), South America(10%)","Retailer, Engineer, Wholesaler, Brand business, Manufacturer","sample processing, graphic processing, customized on demand, sample processing, graphic processing, customized on demand",100,24
"Foshan Yisheng Machinery Equipment Co., Ltd.",https://yishghydraulicpump.en.alibaba.com/factory.html?wx_navbar_transparent=true&productId=1600533738530,"Guangdong Province, China ",4.9,16,,≤2h,1.0,81,100000,"Minor customization, Design-based customization, Sample-based customization, Full customization","Raw-material traceability identification, Finished product inspection, QA/QC inspectors, Testing instruments, On-site material inspection, Quality traceability, Warranty available",-1,8000,-1,5,260000,30,Yes,4,"Southeast Asia(30%), Domestic Market(20%), Central America(10%)","Retailer, Engineer, Wholesaler, Brand business, For private use, Manufacturer","sample processing, graphic processing, customized on demand, light customization, sample processing, customized on demand, graphic processing",30,6
"TT Motor(Shenzhen) Industrial Co, Ltd",https://ttmotorhk.en.alibaba.com/factory.html?wx_navbar_transparent=true&productId=1600198104714,"Guangdong, China ",4.8,11,,≤3h,0.9440000000000001,60,130000,"Minor customization, Design-based customization, Sample-based customization, Full customization","Raw-material traceability identification, Finished product inspection, QA/QC inspectors, Testing instruments, On-site material inspection, Quality traceability, Warranty available",EMC,3231,2269000,6,12200000,115,Yes,4,"Domestic Market(62%), North America(5%), Eastern Europe(5%)","Retailer, Engineer, Wholesaler, Brand business, For private use, Manufacturer","sample processing, graphic processing, customized on demand, sample processing, graphic processing, customized on demand",16,18
"Shenzhen Aotuoshi Hydraulic Machinery Co., Ltd.",https://aotuoshi.en.alibaba.com/factory.html?wx_navbar_transparent=true&productId=1600970036574,"Guangdong, China ",5.0,6,,≤5h,1.0,-1,-1,"Minor customization, Design-based customization, Sample-based customization, Full customization","Raw-material traceability identification, Finished product inspection, QA/QC inspectors, Testing instruments, On-site material inspection, Quality traceability, Warranty available",-1,5000,-1,6,-1,38,Yes,7,"Domestic Market(49%), North America(10%), South America(5%)","Retailer, Engineer, Wholesaler, Brand business, For private use, Manufacturer","sample processing, graphic processing, customized on demand",4,7
"Taizhou Xinyuhai Intelligent Technology Co., Ltd.",https://tzxinyuhai.en.alibaba.com/factory.html?wx_navbar_transparent=true&productId=1601058969079,"Zhejiang, China ",5.0,6,,≤13h,1.0,9,6000,"Minor customization, Design-based customization, Sample-based customization, Full customization","Raw-material traceability identification, Finished product inspection, QA/QC inspectors, Testing instruments, On-site material inspection, Quality traceability",CE,22483,2236000,-1,-1,-1,Yes,10,"Domestic Market(50%), Southeast Asia(13%), Mid East(12%)","Retailer, Engineer, Wholesaler, Brand business, For private use, Manufacturer","sample processing, graphic processing, customized on demand",-1,5
"Shenzhen Just Motion Control Electromechanics Co.,ltd.",https://powermotion.en.alibaba.com/factory.html?wx_navbar_transparent=true&productId=62067163245,"Guangdong, China ",4.9,22,,≤3h,1.0,211,1000000,"Minor customization, Design-based customization, Sample-based customization, Full customization, On-site technical support","Raw-material traceability identification, Finished product inspection, QA/QC inspectors, Testing instruments, On-site material inspection, Quality traceability",CE,14000,5000000,24,-1,26,Yes,8,"Domestic Market(70%), Mid East(10%), Western Europe(10%)","Retailer, Engineer, Wholesaler, Brand business, For private use, Manufacturer","light customization, sample processing, graphic processing, customized on demand",80,80
"Anhui High Precision Gear Transmission Co., Ltd.",https://hpsreducer.en.alibaba.com/factory.html?wx_navbar_transparent=true&productId=1600641733105,"Anhui, China ",5.0,3,,≤3h,1.0,-1,-1,"Minor customization, Design-based customization, Sample-based customization, Full customization","Raw-material traceability identification, QA/QC inspectors, On-site material inspection, Quality traceability, Warranty available",CE,1723,-1,20,1500000,60,Yes,10,"Domestic Market(90%), North America(2%), Eastern Europe(2%)","Retailer, Wholesaler, Brand business, Manufacturer","sample processing, graphic processing, customized on demand, sample processing, graphic processing, customized on demand",400,5
"Fujian Zhenyuan Hydraulic Equipment Co., Ltd.",https://fjzyyy.en.alibaba.com/factory.html?wx_navbar_transparent=true&productId=60750363339,"Fujian, China ",4.7,36,,≤1h,0.9670000000000001,392,780000,"Minor customization, Design-based customization, Sample-based customization, Full customization","Raw-material traceability identification, Finished product inspection, QA/QC inspectors, On-site material inspection, Quality traceability",EN ISO 12100,256,-1,1,700,8,Yes,2,"Eastern Europe(40%), Domestic Market(23%), North America(10%)","Retailer, Wholesaler, Brand business, Manufacturer","graphic processing, sample processing, customized on demand, sample processing, graphic processing, customized on demand",100,2
"Zhejiang Shenlong Chain Transmission Co., Ltd.",https://shenlongchain.en.alibaba.com/factory.html?wx_navbar_transparent=true&productId=1600981724621,"Zhejiang, China ",-1,-1,,≤13h,0.5,3,10000,"Minor customization, Design-based customization, Sample-based customization, Full customization","Raw-material traceability identification, Finished product inspection, QA/QC inspectors, Testing instruments, On-site material inspection, Quality traceability, Warranty available","ISO 9001, CE",14355,1136136,6,-1,350,Yes,6,"Domestic Market(40%), North America(16%), Eastern Europe(12%)","Retailer, Engineer, Wholesaler, Brand business, For private use, Manufacturer","sample processing, graphic processing, customized on demand",15,13
"Weifang Chengfeiyue Hydraulic Machinery Co., Ltd.",https://wfcfy.en.alibaba.com/factory.html?wx_navbar_transparent=true&productId=1600867851795,"Shandong, China ",5.0,6,,≤3h,1.0,61,150000,"Minor customization, Design-based customization, Sample-based customization, Full customization","Raw-material traceability identification, Finished product inspection, QA/QC inspectors, Testing instruments, On-site material inspection, Quality traceability","ISO14001, IATF 16949",5998,-1,2,216000,42,Yes,3,"Domestic Market(50%), Mid East(20%), Southern Europe(20%)","Retailer, Wholesaler, Brand business, For private use, Manufacturer","customized on demand, light customization, sample processing, graphic processing, no",25,3
"Dandong Huanghai Electric Motor Co., Ltd.",https://ddhhdj.en.alibaba.com/factory.html?wx_navbar_transparent=true&productId=1601210341841,"Liaoning, China ",-1,-1,,≤13h,1.0,-1,-1,"Minor customization, Design-based customization, Sample-based customization, Full customization","Raw-material traceability identification, Finished product inspection, QA/QC inspectors, Testing instruments, On-site material inspection, Quality traceability, Warranty available","ISO 9001, CCC",43813,-1,1,18000,40,Yes,7,Domestic Market(100%),"Retailer, Engineer, Wholesaler, Brand business, For private use, Manufacturer","sample processing, graphic processing, customized on demand",300,4
"Zhongshan Pengfei Electrical Appliance Co., Ltd.",https://pengfeimotor.en.alibaba.com/factory.html?wx_navbar_transparent=true&productId=1600505677303,"Guangdong, China ",5.0,3,,≤2h,1.0,27,1300000,"Design-based customization, Sample-based customization, Full customization","Raw-material traceability identification, Finished product inspection, QA/QC inspectors, Testing instruments, On-site material inspection, Quality traceability",-1,10130,6034000,8,46459000,158,Yes,12,"Domestic Market(30%), North America(22%), South America(18%)","Retailer, Engineer, Wholesaler, Manufacturer","sample processing, graphic processing, customized on demand, sample processing, graphic processing, customized on demand",139,5
"Dongguan G-Rock Electromechanical Technology Co., Ltd.",https://grockmotion.en.alibaba.com/factory.html?wx_navbar_transparent=true&productId=1600599717492,"Guangdong, China ",4.8,14,,≤8h,0.975,-1,-1,"Design-based customization, Sample-based customization, Full customization","Raw-material traceability identification, Finished product inspection, QA/QC inspectors, Testing instruments, On-site material inspection, Quality traceability","CE, RoHS, EMC",2000,-1,4,-1,15,Yes,3,"Domestic Market(40%), North America(28%), Oceania(17%)","Retailer, Engineer, Wholesaler, Brand business, Manufacturer","sample processing, graphic processing, customized on demand",6,3
"Xuzhou XMK Slewing Bearing Co., Ltd.",https://xzxmk.en.alibaba.com/factory.html?wx_navbar_transparent=true&productId=1600805727374,"Jiangsu, China ",4.6,4,,≤3h,1.0,-1,-1,"Minor customization, Design-based customization, Sample-based customization, Full customization, On-site technical support","Raw-material traceability identification, Finished product inspection, QA/QC inspectors, On-site material inspection, Quality traceability, Warranty available","ISO45001, ISO14001, RoHS",3000,322000,2,-1,22,Yes,2,"Southeast Asia(20%), Northern Europe(20%), North America(15%)","Retailer, Engineer, Wholesaler, Brand business, For private use, Manufacturer","sample processing, graphic processing, customized on demand",40,2
"Shenzhen Qianhai TT Technology Co., Ltd.",https://qhttmotor.en.alibaba.com/factory.html?wx_navbar_transparent=true&productId=1600887633565,"Guabgdong, China ",5.0,12,,≤4h,1.0,64,100000,"Minor customization, Design-based customization, Sample-based customization, Full customization","Raw-material traceability identification, Finished product inspection, QA/QC inspectors, Testing instruments, On-site material inspection, Quality traceability, Warranty available",CE,3231,-1,6,-1,-1,Yes,4,"Western Europe(40%), North America(30%), Mid East(20%)","Retailer, Engineer, Wholesaler, Brand business, For private use, Manufacturer","light customization, customized on demand, sample processing, graphic processing, light customization, customized on demand, sample processing, graphic processing",32,18
