manufacture_name,url
"Anhui Luobobeibei Clothing Co., Ltd.",https://luobobeibei.en.alibaba.com/factory.html
"Jiangxi Love Nature Outdoor Products Co., Ltd.",https://aiziran.en.alibaba.com/factory.html
"Dongguan Jiamei Hongze Garment Co., Ltd",https://jmhzfashion.en.alibaba.com/factory.html
"Dongguan Eaglevision Technology Co., Ltd.",https://eaglevision.en.alibaba.com/factory.html
Zhecheng Hong Xin Machinery Factory,https://hnks.en.alibaba.com/factory.html
"Guangdong Union Eco-Packaging Scien-Tech Co., LTD",https://upack.en.alibaba.com/factory.html
"Guangzhou Tewsn Sports. Co., Ltd.",https://cyclingwear.en.alibaba.com/factory.html
"Yiwu Zhijiang Clothing Co., Ltd.",https://ywzhijiang.en.alibaba.com/factory.html
"Anhui Yilong Environmental Protection Technology Co., Ltd.",https://ahyilong.en.alibaba.com/factory.html
MRI GROUP,https://pk1421692887znut.trustpass.alibaba.com/factory.html
"Yiwu Salinca Import & Export Co., Ltd.",https://salincawear.en.alibaba.com/factory.html
"Guangzhou Akilex Sporting Goods Co., Ltd.",https://akilex.en.alibaba.com/factory.html
"Jinjiang Changda Garments Co., Ltd.",https://fjchangda.en.alibaba.com/factory.html
"Yiwu Kaiyo Garment co.,Ltd",https://kaiyoskirt.en.alibaba.com/factory.html
"Dongguan Bless Garment Co., Ltd.",https://blessgarment.en.alibaba.com/factory.html
"Wuxi Yanjia Dress Co., Ltd.",https://wxyjfs.en.alibaba.com/factory.html
"Shenzhen Kai Wei Garment Co., Ltd.",https://kw-garment.en.alibaba.com/factory.html
"Shenzhen Uniflying Fashion Apparels Co., Ltd.",https://fashionapparels.en.alibaba.com/factory.html
"Fuzhou Shengshi RuiChuang industry and Trade Co., Ltd",https://ssrc.en.alibaba.com/factory.html
"Dongguan City Eation Garment Co., Ltd.",https://eationyoga.en.alibaba.com/factory.html
"Dongguan Tomorrow Fashion Co., Limited",https://welovetomorrow.en.alibaba.com/factory.html
"Dongguan EL Sports Equipment Co., Ltd.",https://elsport.en.alibaba.com/factory.html
"Dongguan Lanrui Garment Co., Ltd.",https://lanruigarment.en.alibaba.com/factory.html
"Shishi Pinghui Colour Printing Co., Ltd.",https://pinghuilabel.en.alibaba.com/factory.html
"Wuhan Jarmoo Apparel Co., Ltd.",https://jarmooindustry.en.alibaba.com/factory.html
NABEEL AND ARSLAN COMPANY,https://nabeelarslan.trustpass.alibaba.com/factory.html
I.M INTERNATIONAL INDUSTRY,https://imintlindustry.trustpass.alibaba.com/factory.html
"Hebei Kang Sheng Yuan Sports Goods Co., Ltd.",https://jzksy.en.alibaba.com/factory.html
"Huzhou Huiyi Clothing Co., Ltd.",https://cnkidclothes.en.alibaba.com/factory.html
"Dongguan Juxing Silicone Products Co., Ltd.",https://hisilicone.en.alibaba.com/factory.html
REDLEY SPORTS INTERNATIONAL,https://redleysportsintl.trustpass.alibaba.com/factory.html
"FUJIAN YIYUAN GROUP CO., LTD",https://yiyuanindustrial.en.alibaba.com/factory.html
Yiwu Joyyoung Apparel Factory,https://ijoyyoung.en.alibaba.com/factory.html
"Yiwu Yawoo Clothing Co., Ltd.",https://yawoo.en.alibaba.com/factory.html
"Shijiazhuang Aofeite Medical Device Co., Ltd.",https://cnxuda.en.alibaba.com/factory.html
"Guangzhou Xintiandi Clothing Co., Ltd.",https://xintiandi1121.en.alibaba.com/factory.html
"Hangzhou Jingzhan Import And Export Co., Ltd.",https://dailyrise.en.alibaba.com/factory.html
"Zhejiang Ballake Supply Chain Technology Development Co., Ltd.",https://worldup3.en.alibaba.com/factory.html
"Dongguan City Fanfeizi Apparel Co., Ltd.",https://izh.en.alibaba.com/factory.html
TEE TECH APPARELS,https://teetechapparels.trustpass.alibaba.com/factory.html
"Guangzhou Xinting Biotechnology Co., Ltd.",https://xtsw.en.alibaba.com/factory.html
I.M INTERNATIONAL INDUSTRY,https://imintlindustry.trustpass.alibaba.com/factory.html
Topko Product Group Ltd.,https://topko.en.alibaba.com/factory.html
M/S MAX BREECHES,https://maxbreeches.trustpass.alibaba.com/factory.html
"Dongguan City Fanfeizi Apparel Co., Ltd.",https://izh.en.alibaba.com/factory.html
SHREE KARPAGA VINAYAKAR TEXTILE,https://skvtindia.trustpass.alibaba.com/factory.html
"Shantou Danmaner Clothing Co., Ltd.",https://stdanmaner.en.alibaba.com/factory.html
ASPINO INTERNATIONAL,https://aspinointl.trustpass.alibaba.com/factory.html
"Fujian Jinghui Investment Co., Ltd.",https://yalindas.en.alibaba.com/factory.html
"Yiwu Dolike Clothing Co., Ltd.",https://dolike.en.alibaba.com/factory.html
"Fujian Jinghui Investment Co., Ltd.",https://yalindas.en.alibaba.com/factory.html
"Shenzhen Xuhong Clothing Co., Ltd.",https://polotshirt.en.alibaba.com/factory.html
JAGUAR STRIPE,https://jaguarstripe.trustpass.alibaba.com/factory.html
MANGOES FASHION,https://mangoesfashion.trustpass.alibaba.com/factory.html
"Hebei Kangshengyuan Sports Goods Co., Ltd.",https://hbksy.en.alibaba.com/factory.html
"Guigang Tengguan Clothing Co., Ltd.",https://ggtg.en.alibaba.com/factory.html
"Guangzhou Huili Apparel Co., Ltd.",https://huilidenim.en.alibaba.com/factory.html
CUSTOM APPAREL,https://customapparels.trustpass.alibaba.com/factory.html
"Guangzhou Sodalemon Garment Co., Ltd.",https://no1yoga.en.alibaba.com/factory.html
"Shantou City Chengzheng Knitting Industrial Co., Ltd.",https://stchengzheng.en.alibaba.com/factory.html
"Yiwu City Yiyuan Apparel Co., Ltd.",https://yihongclothing.en.alibaba.com/factory.html
"Yiwu Aitu Trading Co., Ltd.",https://aitutrade.en.alibaba.com/factory.html
AWARTEN INTERNATIONAL,https://awarteninternational.trustpass.alibaba.com/factory.html
"Yiwu Qingli Garment Co., Ltd.",https://ywqingli.en.alibaba.com/factory.html
"Guangzhou Yongjin Packaging Materials Co., Ltd.",https://gzyjbz.en.alibaba.com/factory.html
"Hainan Bowei Printing Co., Ltd.",https://hnbwys.en.alibaba.com/factory.html
"Shantou Joerres Clothing Industrial Co., Ltd.",https://sobefie.en.alibaba.com/factory.html
"Jinyun Qilong Machinery Co., Ltd.",https://qilong.en.alibaba.com/factory.html
"Yiwu Donghong Knitting Co., Ltd.",https://donghongzhenzhi2.en.alibaba.com/factory.html
"Shenzhen Jing Lin Packaging Co., Ltd.",https://jinglinpackaging.en.alibaba.com/factory.html
"Action Intelligent Equipment (shenyang) Co., Ltd.",https://aksznzb.en.alibaba.com/factory.html
"Foshan Meike Clothing Co., Ltd.",https://fsmktz.en.alibaba.com/factory.html
"Guangzhou Jihui Electronic Equipment Co., Ltd.",https://xinluolan.en.alibaba.com/factory.html
"Yiwu Ukai Packing Co., Ltd.",https://youkaipacking.en.alibaba.com/factory.html
"Huizhou Hongjie Garment Accessories Co., Ltd.",https://hj0752.en.alibaba.com/factory.html
