name,link
Jiaozuo Huatong Shoes Factory,https://jzhtxc.en.alibaba.com/factory.html?wx_navbar_transparent=true&productId=1600564435243
"Wenzhou Better Import And Export Co., Ltd.",https://wzbetter.en.alibaba.com/factory.html?wx_navbar_transparent=true&productId=1600821762949
"Jieyang Mingyi Hardware Industrial Co., Ltd.",https://mymingyi.en.alibaba.com/factory.html?wx_navbar_transparent=true&productId=1600908440461
Wangdu Yuxing Shoes Factory,https://yuxingxiechang.en.alibaba.com/factory.html?wx_navbar_transparent=true&productId=1600334797650
"Guangdong Xixitiao New Material Technology Co., Ltd.",https://gdxxt.en.alibaba.com/factory.html?wx_navbar_transparent=true&productId=1600886215927
"Shandong Wanhao Labor Protection Articles Co., Ltd.",https://shandongwanhao.en.alibaba.com/factory.html?wx_navbar_transparent=true&productId=1601097820794
"Luoyang Jinshiyuan Import And Export Co., Ltd.",https://jsyshoes.en.alibaba.com/factory.html?wx_navbar_transparent=true&productId=1600387050522
"Quanzhou Kuojiang Outdoor Products Co., Ltd.",https://kjloutdoors.en.alibaba.com/factory.html?wx_navbar_transparent=true&productId=1600957809290
"Wangdu Baoyuan Shoes Co., Ltd.",https://bayashoes.en.alibaba.com/factory.html?wx_navbar_transparent=true&productId=1601103095582
"Weifang Weierdun Shoes Co., Ltd.",https://weierdunshoes.en.alibaba.com/factory.html?wx_navbar_transparent=true&productId=1600742742324
Jiaozuo Huatong Shoes Factory,https://jzhtxc.en.alibaba.com/factory.html?wx_navbar_transparent=true&productId=1600564435243
"Wenzhou Better Import And Export Co., Ltd.",https://wzbetter.en.alibaba.com/factory.html?wx_navbar_transparent=true&productId=1600821762949
"Jieyang Mingyi Hardware Industrial Co., Ltd.",https://mymingyi.en.alibaba.com/factory.html?wx_navbar_transparent=true&productId=1600908440461
Wangdu Yuxing Shoes Factory,https://yuxingxiechang.en.alibaba.com/factory.html?wx_navbar_transparent=true&productId=1600334797650
"Guangdong Xixitiao New Material Technology Co., Ltd.",https://gdxxt.en.alibaba.com/factory.html?wx_navbar_transparent=true&productId=1600886215927
"Shandong Wanhao Labor Protection Articles Co., Ltd.",https://shandongwanhao.en.alibaba.com/factory.html?wx_navbar_transparent=true&productId=1601097820794
"Luoyang Jinshiyuan Import And Export Co., Ltd.",https://jsyshoes.en.alibaba.com/factory.html?wx_navbar_transparent=true&productId=1600387050522
"Quanzhou Kuojiang Outdoor Products Co., Ltd.",https://kjloutdoors.en.alibaba.com/factory.html?wx_navbar_transparent=true&productId=1600957809290
"Wangdu Baoyuan Shoes Co., Ltd.",https://bayashoes.en.alibaba.com/factory.html?wx_navbar_transparent=true&productId=1601103095582
"Weifang Weierdun Shoes Co., Ltd.",https://weierdunshoes.en.alibaba.com/factory.html?wx_navbar_transparent=true&productId=1600742742324
"Zaozhuang Puyi International Trade Co., Ltd.",https://puyi1.en.alibaba.com/factory.html?wx_navbar_transparent=true&productId=1600788847766
"Chaozhou Jiesi Electronic Commerce Co., Ltd.",https://czeman.en.alibaba.com/factory.html?wx_navbar_transparent=true&productId=1600718882187
"Jiangsu Happy Textile Co., Ltd.",https://jhp.en.alibaba.com/factory.html?wx_navbar_transparent=true&productId=1600194888863
"Cixi Aslipper Shoes Co., Ltd.",https://aslipper.en.alibaba.com/factory.html?wx_navbar_transparent=true&productId=1601167157115
Jinjiang Henghao Shoe Industry Ltd.,https://jjhenghao.en.alibaba.com/factory.html?wx_navbar_transparent=true&productId=1600072978110
"Guangzhou Riching Renewable Resources Co., Ltd.",https://secondhandclothesfactory.en.alibaba.com/factory.html?wx_navbar_transparent=true&productId=1600961377245
"Fujian Pufeng Shoes Co., Ltd.",https://niceflipflop.en.alibaba.com/factory.html?wx_navbar_transparent=true&productId=1601060391327
Huidong County Huangbu Qianxiuyuan Shoe Factory,https://qianxiuyuan.en.alibaba.com/factory.html?wx_navbar_transparent=true&productId=1601014913352
"Jinjiang Xiongsheng Shoes Co., Ltd.",https://xiongshengshoes.en.alibaba.com/factory.html?wx_navbar_transparent=true&productId=1600714967233
"Weifang Zhonghai Shoes Industry Co., Ltd.",https://jingtushoes.en.alibaba.com/factory.html?wx_navbar_transparent=true&productId=1600071365552
"Wuhan Haisen Renewable Resources Co., Ltd.",https://hissenvintage.en.alibaba.com/factory.html?wx_navbar_transparent=true&productId=1601088816454
"Guangzhou Yonghe Trading Co., Ltd.",https://yongheshoes.en.alibaba.com/factory.html?wx_navbar_transparent=true&productId=1601029441897
"Guangzhou Gracer Renewable Resources Co., Ltd.",https://gzgracer.en.alibaba.com/factory.html?wx_navbar_transparent=true&productId=1600928191397
"Wuchuan Maoli Shoes Co., Ltd.",https://maolixie.en.alibaba.com/factory.html?wx_navbar_transparent=true&productId=1600541400853
"Zhejiang Anteng Safety Protection Equipment Co., Ltd.",https://zjanteng.en.alibaba.com/factory.html?wx_navbar_transparent=true&productId=1601111776487
"Taizhou Linfeng Shoes Co., Ltd.",https://hotshoes.en.alibaba.com/factory.html?wx_navbar_transparent=true&productId=1601165488050
"Huizhou Xunhua Shoes Co., Ltd.",https://z1cc.en.alibaba.com/factory.html?wx_navbar_transparent=true&productId=1600934693106
"Wenzhou Shengsai International Trade Co., Ltd.",https://shengsaiguoji.en.alibaba.com/factory.html?wx_navbar_transparent=true&productId=1601026342270
"Gaomi Manwei Labor Product Co., Ltd.",https://zgzgzg.en.alibaba.com/factory.html?wx_navbar_transparent=true&productId=1600509084325
"Qingdao Vitosafe Footwear Co., Ltd.",https://vitofootwear.en.alibaba.com/factory.html?wx_navbar_transparent=true&productId=1600526012844
"Henan Huaying Shoes Co., Ltd.",https://a3china.en.alibaba.com/factory.html?wx_navbar_transparent=true&productId=1601047170246
"Fortune link co.,ltd",https://yzfortunelink.en.alibaba.com/factory.html?wx_navbar_transparent=true&productId=1601016686531
"Oem (hebei) Footwear Industry Co., Ltd.",https://oemfootwear.en.alibaba.com/factory.html?wx_navbar_transparent=true&productId=1600880094662
"Jiang Su Jinmao Environmental Technology Co., Ltd.",https://jmusedclothing.en.alibaba.com/factory.html?wx_navbar_transparent=true&productId=1601007518907
"Sichuan Tailingjia Shoes Co., Ltd.",https://tailingjiashoes.en.alibaba.com/factory.html?wx_navbar_transparent=true&productId=1600585489647
"Quanzhou Longkun Arts And Crafts Co., Ltd.",https://irononpatch.en.alibaba.com/factory.html?wx_navbar_transparent=true&productId=1601074052114
"Changzhou Onlyoa Electronic Co.,Ltd",https://onlyoa.en.alibaba.com/factory.html?wx_navbar_transparent=true&productId=1601121631836
